Open Time,Open,High,Low,Close,Volume,SMA_20,EMA_12,BB_High,BB_Low,RSI_14,MACD,MACD_Signal
2024-11-08,75857.89,77199.99,75555.0,76509.78,36521.099583,69932.9505,71896.40104853956,76087.66811129617,63778.232888703846,77.53217450061142,1393.1543408453144,604.4057193062426
2024-11-09,76509.78,76900.0,75714.66,76677.46,16942.07915,70315.224,72631.94857953346,77146.83204299484,63483.61595700517,77.94450524316849,1671.352739075839,817.795123260162
2024-11-10,76677.46,81500.0,76492.0,80370.01,61830.100435,70964.8495,73822.41956729755,78987.38169708349,62942.317302916505,84.95853757243657,2164.830085392343,1087.2021156865983
2024-11-11,80370.01,89530.54,80216.01,88647.99,82323.665776,72025.949,76103.27655694408,83108.09412518109,60943.8038748189,91.74731973359324,3187.1388885133492,1507.1894702519485
2024-11-12,88648.0,89940.0,85072.0,87952.01,97299.887911,73090.117,77926.15862510653,85950.9585333222,60229.27546667779,87.89870379205381,3896.252635818819,1985.0021033653227
2024-11-13,87952.0,93265.64,86127.99,90375.2,86763.854127,74198.963,79841.39575970553,88966.70273039899,59431.223269601025,89.64390611610494,4600.727251105796,2508.1471329134174
2024-11-14,90375.21,91790.0,86668.21,87325.59,56729.51086,75230.326,80992.81025821237,90658.82865804296,59801.82334195705,74.12138797392606,4856.962379879289,2977.910182306592
2024-11-15,87325.59,91850.0,87073.38,91032.07,47927.95068,76427.2915,82537.31175694893,92878.2035057682,59976.37949423182,79.17771406643817,5298.040017751628,3441.9361493955994
2024-11-16,91032.08,91779.66,90056.17,90586.92,22717.87689,77555.5525,83775.71302511063,94661.32902978499,60449.77597021502,77.09040366064869,5547.726599927948,3863.0942395020693
2024-11-17,90587.98,91449.99,88722.0,89855.99,23867.55609,78550.2415,84711.14025201669,96104.60724277425,60995.87575722576,73.42320261926977,5621.820228699391,4214.839437341534
2024-11-18,89855.98,92594.0,89376.9,90464.08,46545.03448,79436.6245,85596.20790555258,97536.7284538399,61336.520546160114,74.58380872448203,5664.313069147669,4504.734163702761
2024-11-19,90464.07,93905.51,90357.0,92310.79,43660.04682,80434.927,86629.22053546757,99082.24953304407,61787.60446695592,77.95693724434804,5780.3705017593165,4759.861431314072
2024-11-20,92310.8,94831.97,91500.0,94286.56,42203.198712,81634.65449999999,87807.27276078025,100618.7729531575,62650.53604684248,81.05998420360596,5963.036803642972,5000.496505779853
2024-11-21,94286.56,98988.0,94040.0,98317.12,69228.360477,83075.70999999999,89424.17233604484,102549.3614275945,63602.05857240549,85.77387846012954,6359.722746102911,5272.341753844465
2024-11-22,98317.12,99588.01,97122.11,98892.0,46189.309243,84551.573,90880.76120742255,104126.98584455001,64976.160155449994,86.33365116402493,6643.900475994844,5546.653498274542
2024-11-23,98892.0,98908.85,97136.0,97672.4,24757.84367,85996.39349999999,91925.62871397292,104924.0769281589,67068.71007184108,78.74863740465922,6693.542851539867,5776.031368927607
2024-11-24,97672.4,98564.0,95734.77,97900.04,31200.97838,87498.89499999999,92844.76891182324,105084.63713456788,69913.1528654321,79.14327766787251,6674.316076237083,5955.6883103895025
2024-11-25,97900.05,98871.8,92600.19,93010.01,50847.45096,88680.795,92870.19061769659,104191.93006350366,73169.65993649633,54.197198270402026,6193.103918079767,6003.171431927556
2024-11-26,93010.01,94973.37,90791.1,91965.16,57858.73138,89500.45349999999,92730.95513805095,103778.42483492492,75222.48216507505,50.28920866419262,5662.159305072419,5934.969006556529
2024-11-27,91965.16,97208.21,91792.14,95863.11,41153.42734,90500.7145,93212.82511681234,103500.23374914713,77501.19525085288,62.06410561440153,5492.598604795174,5846.494926204258
2024-11-28,95863.11,96564.0,94640.0,95643.98,28814.54357,91457.4245,93586.84894499506,102836.9229600025,80077.92603999749,61.12494813088679,5279.677730164345,5733.131486996275
2024-11-29,95643.99,98619.99,95364.99,97460.0,27701.78231,92496.5515,94182.71833807274,101799.40384442196,83193.69915557804,66.03905289196496,5197.5598058220785,5626.017150761436
2024-11-30,97460.0,97463.95,96092.01,96407.99,14503.83306,93298.4505,94525.06782452308,100788.30392473539,85808.59707526462,60.89394280120899,4990.0699242909905,5498.827705467347
2024-12-01,96407.99,97836.0,95693.88,97185.18,16938.60452,93725.31,94934.31585151954,101070.92449155964,86379.69550844036,63.32932949706706,4832.637795749077,5365.5897235236935
2024-12-02,97185.17,98130.0,94395.0,95840.62,37958.66981,94119.7405,95073.74725897808,100992.00027310454,87247.48072689546,56.327016258418055,4546.9623925239575,5201.864257323747
2024-12-03,95840.61,96305.52,93578.17,95849.69,35827.32283,94393.465,95193.12306528914,101071.08548741601,87715.84451258398,56.36456980109999,4272.048929683471,5015.901191795692
2024-12-04,95849.69,99000.0,94587.83,98587.32,43850.53728,94956.5515,95715.30720909081,100993.24033869045,88919.86266130955,66.42059613879672,4226.363009455934,4857.993555327741
2024-12-05,98587.32,104088.0,90500.0,96945.63,109921.729662,95252.22949999999,95904.58763846147,101054.298573478,89450.16042652198,57.28580778152369,4011.4444906513963,4688.683742392473
2024-12-06,96945.63,101898.99,95981.72,99740.84,45049.5331,95709.9255,96494.78030946739,101405.66398463267,90014.18701536732,66.37176997312065,4020.3262837173097,4555.01225065744
2024-12-07,99740.84,100439.18,98844.0,99831.99,14931.9459,96208.7255,97008.19718493395,101477.17481363854,90940.27618636146,66.63878196377328,3988.740494424608,4441.7578994108735
2024-12-08,99831.99,101351.0,98657.7,101109.59,14612.99688,96741.001,97639.18069494411,101708.1526369886,91773.84936301141,70.43530698036938,4020.454870398433,4357.497293608386
2024-12-09,101109.6,101215.93,94150.05,97276.47,53949.11595,96989.285,97583.37904956809,101499.43464695835,92479.13535304165,50.529006815865316,3693.709212025802,4224.739677291869
2024-12-10,97276.48,98270.0,94256.54,96593.0,51708.68933,97104.607,97431.01304194223,101438.27501808749,92770.93898191252,47.75242475505607,3341.0965256993804,4048.011046973372
2024-12-11,96593.0,101888.0,95658.24,101125.0,37753.78291,97245.001,97999.31872779728,101913.08717218039,92576.91482781962,63.21693116016445,3388.2849164613,3916.065820870958
2024-12-12,101125.0,102540.0,99311.64,100004.29,29232.08745,97300.61549999999,98307.7758465977,102076.5771513954,92524.65384860458,58.29377767476984,3297.241576842149,3792.300972065196
2024-12-13,100004.29,101895.26,99205.0,101424.25,21904.03923,97488.208,98787.23340865958,102608.0129902855,92368.4030097145,62.55676551724819,3301.609084811862,3694.1625946145296
2024-12-14,101424.24,102650.0,100609.41,101420.0,14191.70326,97664.20599999999,99192.27442271195,103077.22717652343,92251.18482347655,62.5346908089588,3267.066715445544,3608.7434187807326
2024-12-15,101420.0,105250.0,101237.14,104463.99,22228.921775,98236.905,100003.30758844859,103989.60927705282,92484.20072294718,70.9936355079565,3445.597489127831,3576.1142328501523
2024-12-16,104463.99,107793.07,103333.0,106058.66,41302.40274,98941.58,100934.9002671488,104908.30103718095,92974.85896281905,74.47696594102925,3673.4161011110555,3595.574606502333
2024-12-17,106058.65,108353.0,105321.49,106133.74,29064.936466,99455.1115,101734.72176451053,106041.9285667855,92868.2944332145,74.6423946798148,3816.033462623731,3639.666377726613
2024-12-18,106133.74,106524.98,100000.0,100204.01,50307.99755,99683.113,101499.22764689352,106025.62931222722,93340.59668777278,46.92543750116169,3411.2562562575913,3593.984353432809
2024-12-19,100204.01,102800.11,95700.0,97461.86,55147.398,99683.20599999999,100878.09416275605,106025.58511310033,93340.82688689965,39.16535632330385,2836.5013936487085,3442.487761475989
2024-12-20,97461.86,98233.0,92232.54,97805.44,62884.1357,99753.0785,100405.37813771666,105973.14353345355,93533.01346654646,40.58582793286106,2381.2781663209753,3230.2458424449865
2024-12-21,97805.44,99540.61,96398.39,97291.99,23483.54143,99758.41900000001,99926.3953472987,105969.37750432435,93547.46049567567,39.01499035179776,1956.5257441545546,2975.5018227869004
2024-12-22,97292.0,97448.08,94250.35,95186.27,19353.83036,99725.7015,99197.14529386815,106029.75224626013,93421.65075373986,32.97551949651174,1433.4682539198548,2667.0951090134913
2024-12-23,95186.28,96538.92,92520.0,94881.47,32810.76703,99677.2905,98533.19524865766,106120.0139562199,93234.5670437801,32.14445318922586,983.015026483321,2330.2790925074573
2024-12-24,94881.47,99487.99,93569.02,98663.58,23674.22488,99681.1035,98553.25444117187,106121.20057005723,93241.00642994276,50.13690539342997,920.6001613808185,2048.3433062821296
2024-12-25,98663.58,99569.15,97632.02,99429.6,14474.1651,99805.302,98688.07683483773,106117.8204261805,93492.7835738195,53.04646436057813,922.3154646608309,1823.1377379578698
2024-12-26,99429.61,99963.7,95199.14,95791.6,21192.36727,99607.84,98242.46501409347,106170.94734734384,93044.73265265615,40.19415140981678,622.9378194852179,1583.0977542633395
2024-12-27,95791.6,97544.58,93500.01,94299.03,26501.26429,99331.19200000001,97635.78270423293,106307.93281390784,92354.45118609218,36.058427379069194,262.2182647808513,1318.9218563668421
2024-12-28,94299.03,95733.99,94135.66,95300.0,8385.8929,99040.7125,97276.43151896633,106187.3874945939,91894.03750540609,40.77400917238342,56.46444539960066,1066.4303741733938
2024-12-29,95300.0,95340.0,93009.52,93738.2,13576.00578,98863.799,96732.08820835612,106360.9450676206,91366.6529323794,35.99491697638781,-229.97019309457392,807.1502607198003
2024-12-30,93738.19,95024.5,91530.45,92792.05,27619.4225,98673.7515,96125.92848399363,106594.03117052547,90753.47182947453,33.26916476926101,-527.2404062384885,540.2721273281426
2024-12-31,92792.05,96250.0,92033.73,93576.0,19612.03389,98296.3015,95733.63179414844,106441.05148975106,90151.55151024894,37.77413974644494,-691.5986597701849,293.8979699084771
2025-01-01,93576.0,95151.15,92888.0,94591.79,10373.32613,98025.6765,95557.96382581792,106290.27375263014,89761.07924736987,43.47892989429569,-731.456224106747,88.82713110543227
2025-01-02,94591.78,97839.5,94392.0,96984.79,21970.48948,97803.7035,95777.47554492285,105921.12659927769,89686.28040072232,54.754340357307846,-563.4533901925752,-41.62897315416923
2025-01-03,96984.79,98976.91,96100.01,98174.18,15253.82936,97641.4125,96146.19930724241,105582.27993913088,89700.54506086913,59.39932929302176,-330.52600304965745,-99.40837913326686
2025-01-04,98174.17,98778.43,97514.79,98220.5,8990.05651,97329.23799999998,96465.32249074358,104603.72484720028,90054.75115279968,59.58576722324434,-140.57131508241582,-107.64096632309666
2025-01-05,98220.51,98836.85,97276.79,98363.61,8095.63723,96944.4855,96757.36672293687,102984.13836529656,90904.83263470343,60.236695107111615,21.27171754243318,-81.85842954999069
2025-01-06,98363.61,102480.0,97920.0,102235.6,25263.43375,96749.5785,97600.17184248506,101692.65236991801,91806.504630082,73.54083542930492,456.7060967494617,25.854475709899802
2025-01-07,102235.6,102724.38,96181.81,96954.61,32059.87537,96587.1085,97500.8546359489,101258.23847726212,91915.97852273789,48.17477344273089,371.37820471223677,94.9592215103672
2025-01-08,96954.6,97268.65,92500.9,95060.61,33704.67894,96467.046,97125.43238426445,101166.85831230825,91767.23368769175,42.157352954668255,149.20531830457912,105.80844086920959
2025-01-09,95060.61,95382.32,91203.67,92552.49,34544.83685,96204.3985,96421.9027866853,101168.9442926479,91239.8527073521,35.40086774496051,-226.64005216644728,39.318742262078224
2025-01-10,92552.49,95836.0,92206.02,94726.11,31482.86424,96076.10449999999,96161.01158873372,101054.90567708132,91097.30332291865,44.32367080377061,-345.12881761050085,-37.570769712437595
2025-01-11,94726.1,95050.94,93831.73,94599.99,7047.9043,96046.7905,95920.85442123622,101054.47118769535,91039.10981230465,43.917544683418285,-444.0896587121242,-118.87454751237493
2025-01-12,94599.99,95450.1,93711.19,94545.06,8606.86622,96029.97,95709.19374104604,101056.35673035371,91003.58326964629,43.716245689869865,-520.9441107579769,-199.28846016149532
2025-01-13,94545.07,95940.0,89256.69,94536.1,42619.56423,95823.59599999999,95528.71778088511,100732.24826034904,90914.94373965095,43.678565053274255,-575.9357856000861,-274.6179252492135
2025-01-14,94536.11,97371.0,94346.22,96560.86,27846.61753,95680.159,95687.50889151817,100304.56628970675,91055.75171029325,54.01372214149373,-450.9377441162651,-309.8818890226238
2025-01-15,96560.85,100681.94,96500.0,100497.35,30509.99179,95915.44649999999,96427.48444666923,101017.87387055642,90813.01912944356,67.42371252560261,-33.84391965896066,-254.67429514989118
2025-01-16,100497.35,100866.66,97335.13,99987.3,27832.85317,96199.86,96975.14837795089,101550.99371038345,90848.72628961655,64.60706983053187,252.63692764700681,-153.2120505905116
2025-01-17,99987.3,105865.22,99950.77,104077.48,39171.85292,96638.734,98067.81478134306,103019.78230560472,90257.68569439527,74.47395709901664,800.4908458764985,37.528528702890426
2025-01-18,104077.47,104988.88,102277.55,104556.23,24307.82998,97179.6355,99066.03250729028,104314.89413203295,90044.37686796706,75.40016835578919,1258.7896040805063,281.7807437784136
2025-01-19,104556.23,106422.43,99651.6,101331.57,43397.28298,97606.6115,99414.57673693793,104657.89855346853,90555.32444653146,58.814468941599955,1346.2725672992528,494.67910848258146
2025-01-20,101331.57,109588.0,99550.0,102260.01,89529.231732,98040.812,99852.33570048594,105116.50456906052,90965.11943093949,61.61921259653169,1473.5348026723514,690.4502473205355
2025-01-21,102260.0,107240.81,100119.04,106143.82,45941.02002,98618.4135,100820.25636194965,106363.0386156169,90873.7883843831,71.11404451427154,1866.2688639740954,925.6139706512474
2025-01-22,106143.82,106394.46,103339.12,103706.66,22248.69254,98954.50700000001,101264.31846011124,106978.99106279871,90930.02293720131,60.31104773316826,1958.2811471709138,1132.1474059551808
2025-01-23,103706.66,106850.0,101262.28,103910.34,53953.12031,99241.31499999999,101671.39869701721,107553.2573301239,90929.37266987607,60.884048259002206,2024.301925776177,1310.5783099193802
2025-01-24,103910.35,107120.0,102750.0,104870.5,23609.24017,99573.81499999999,102163.56812824533,108238.37519076014,90909.25480923984,63.73211854984402,2129.552599318442,1474.3731677991927
2025-01-25,104870.51,105286.52,104106.09,104746.85,9068.32377,99892.977,102560.99610851528,108835.63376991046,90950.32023008954,63.04996822237518,2177.881729879271,1615.0748802152084
2025-01-26,104746.86,105500.0,102520.44,102620.0,9812.51238,99912.197,102570.07363028216,108877.6764893398,90946.7175106602,52.00304871717815,2021.2640204340132,1696.3127082589695
2025-01-27,102620.01,103260.0,97777.77,102082.83,50758.1341,100168.60800000001,102495.11307177722,109071.04470357044,91266.17129642957,49.47677448755316,1832.6723219178239,1723.5846309907406
2025-01-28,102082.83,103800.0,100272.68,101335.52,22022.05765,100482.3535,102316.71413765765,109063.29770963904,91901.40929036096,45.89763254771199,1604.415665565626,1699.7508379057178
2025-01-29,101335.52,104782.68,101328.01,103733.24,23155.35802,101041.391,102534.64119340263,108871.02345950015,93211.75854049985,57.326047297285726,1598.5692747989087,1679.5145252843563
2025-01-30,103733.25,106457.44,103278.54,104722.94,19374.07472,101541.23250000001,102871.30254826376,108937.73429860397,94144.73070139605,61.226848652816294,1654.7218828899495,1674.5559968054752
2025-01-31,104722.94,106012.0,101560.0,102429.56,21983.18193,101932.71100000001,102803.34215622318,108572.42095805619,95293.00104194383,49.201678294688065,1496.9111697659537,1639.027031397571
2025-02-01,102429.56,102783.71,100279.51,100635.65,12290.95747,102237.2405,102469.85105526577,107943.33180050903,96531.14919949097,41.79322202547543,1213.107549286855,1553.8431349754278
2025-02-02,100635.66,101456.6,96150.0,97700.59,34619.49939,102395.465,101736.11858522487,107325.08445956741,97465.84554043258,32.542710193804425,742.7938574666186,1391.633279473666
2025-02-03,97700.59,102500.01,91231.0,101328.52,75164.7385,102633.84800000001,101673.41111057489,106773.2524857713,98494.44351422873,48.72826936037091,655.2571033913118,1244.3580442571952
2025-02-04,101328.51,101732.31,96150.0,97763.13,40267.98697,102497.137,101071.82940125567,107089.46818856602,97904.80581143398,38.30601169696445,294.7882834931079,1054.444092104378
2025-02-05,97763.14,99149.0,96155.0,96612.43,26233.30444,102328.39349999999,100385.76795490865,107518.18428017494,97138.60271982504,35.4800394623698,-82.78345042707224,826.998583598088
2025-02-06,96612.44,99120.0,95676.64,96554.35,23515.20405,101952.237,99796.31903876885,107671.76145814959,96232.7125418504,35.328252137744414,-382.2915217271948,585.1405625330315
2025-02-07,96554.35,100137.99,95620.34,96506.8,31794.22065,101549.76550000001,99290.23918665056,107619.8630200818,95479.66797991822,35.18605403638644,-616.3854064013431,344.83536874615663
2025-02-08,96506.8,96880.0,95688.0,96444.74,10147.24294,101305.424,98852.47008101201,107791.66075254281,94819.18724745719,34.9740584425481,-797.7186162582657,116.32457174527218
2025-02-09,96444.75,97323.09,94713.0,96462.75,14120.91613,101015.561,98484.82083777939,107831.92467190133,94199.19732809867,35.104981902927946,-929.2612893227197,-92.79260046832621
2025-02-10,96462.75,98345.0,95256.0,97430.82,20572.87537,100579.91100000001,98322.66686273641,107124.55725439721,94035.2647456028,42.30907452272274,-944.5069586544269,-263.13547210554634
2025-02-11,97430.82,98478.42,94876.88,95778.2,18647.76379,100183.488,97931.21042231542,106889.19208638275,93477.78391361724,34.7175191684544,-1077.520893787223,-426.01255644188166
2025-02-12,95778.21,98119.99,94088.23,97869.99,29151.16625,99881.47050000001,97921.79189580535,106422.50333985184,93340.43766014818,48.27281665751538,-1002.5882116971043,-541.3276874929262
2025-02-13,97870.0,98083.91,95217.36,96608.14,19921.77616,99468.35250000001,97719.69160414298,105719.92447879865,93216.78052120136,42.17707666087273,-1033.1151620629826,-639.6851824069375
2025-02-14,96608.13,98826.0,96252.82,97500.48,18173.02646,99106.034,97685.96674196713,104892.12831743824,93319.93968256176,47.578449908731024,-974.0750785939454,-706.5631616443391
2025-02-15,97500.47,97972.26,97223.58,97569.66,7349.37683,98853.517,97668.07339704911,104430.95098275255,93276.08301724747,48.012858282635484,-911.1993997667014,-747.4904092688115
2025-02-16,97569.67,97704.47,96046.18,96118.12,8191.4249,98555.2815,97429.61902827233,104042.81670987642,93067.74629012357,39.98989275342847,-967.3461539645359,-791.4615582079564
2025-02-17,96118.12,97046.59,95205.0,95780.0,16492.0451,98277.5055,97175.83148546121,103734.82745537818,92820.18354462182,38.271044870422955,-1027.2844240173727,-838.6261313698396
2025-02-18,95780.01,96753.91,93388.09,95671.74,23368.19471,97874.43049999999,96944.43279539025,102800.02017212317,92948.8408278768,37.6728255055894,-1071.173787460284,-885.1356625879286
2025-02-19,95671.74,96899.99,95029.99,96644.37,16438.50954,97470.50200000001,96898.26928840714,101214.67955668515,93726.32444331486,46.36392432049726,-1015.7642142322438,-911.2613729167917
2025-02-20,96644.37,98711.36,96415.09,98305.0,17057.39177,97264.274,97114.68939788298,100232.28387340138,94296.26412659863,57.92283368296715,-828.3045860423881,-894.6700155419111
2025-02-21,98305.01,99475.0,94871.95,96181.98,32249.2814,97041.5905,96971.19564436251,99582.06570364138,94501.11529635864,43.95089430349842,-841.3528592720832,-884.0065842879455
2025-02-22,96181.99,96980.0,95770.49,96551.01,11268.17708,96984.1115,96906.55169907596,99513.80380139138,94454.41919860862,46.53739445218079,-812.5495079930988,-869.7151690289762
2025-02-23,96551.01,96650.0,95227.94,96258.0,10884.84913,96730.5855,96806.77451460274,98235.99497083685,95225.17602916315,44.64970274430266,-804.0969734241662,-856.5915299080143
2025-02-24,96258.0,96500.0,91349.26,91552.88,31550.10299,96420.073,95998.4830508177,99118.17563949087,93721.97036050913,25.491353952449387,-1163.6483269849996,-918.0028893234114
2025-02-25,91552.88,92540.69,86050.99,88680.4,78333.11111,96023.47150000001,94872.62411992266,100407.61834104513,91639.3246589549,19.574776732533266,-1661.2308595242794,-1066.648483363585
2025-02-26,88680.39,89414.15,82256.01,84250.09,56893.54409,95408.2585,93238.38810147303,102245.60903324436,88570.90796675564,13.852854828661577,-2385.558360977855,-1330.430458886439
2025-02-27,84250.09,87078.46,82716.49,84708.58,42505.45439,94818.3475,91926.10993201564,103132.89907902657,86503.79592097344,16.75841005249991,-2889.2908665499854,-1642.2025404191486
2025-02-28,84708.57,85120.0,78258.52,84349.94,83648.03969,94213.6075,90760.54532709016,103706.0320860791,84721.1829139209,16.263331045364993,-3279.6361530631984,-1969.6892629479587
2025-03-01,84349.95,86558.0,83824.78,86064.53,25785.05464,93693.69649999999,90038.08143061475,103787.43363733501,83599.95936266497,27.997184146603516,-3411.311051008728,-2258.013620560113
2025-03-02,86064.54,95000.0,85050.6,94270.0,54889.09045,93535.6555,90689.1458259048,103480.90836550975,83590.40263449024,59.407073678661604,-2821.032397820658,-2370.617376012222
2025-03-03,94269.99,94416.46,85117.11,86220.61,59171.10218,93057.776,90001.6787757656,103457.4396348146,82658.1123651854,39.76990422545544,-2968.5314313876006,-2490.2001870872978
2025-03-04,86221.16,88967.52,81500.0,87281.98,55609.10706,92528.3755,89583.26357949397,102974.46654146186,82082.28445853812,42.65391100466176,-2965.5962419441785,-2585.279398058674
2025-03-05,87281.98,91000.0,86334.53,90606.01,38264.01163,92228.269,89740.60918264874,102524.65179084566,81931.88620915434,51.11297591910611,-2664.3358372014045,-2601.09068588722
2025-03-06,90606.0,92810.64,87836.0,89931.89,34342.44902,91849.8395,89770.03700070278,101883.32646471681,81816.3525352832,49.40755304724973,-2451.71875841773,-2571.216300393322
2025-03-07,89931.88,91283.02,84667.03,86801.75,57980.35713,91311.44399999999,89313.37746213312,101207.28102954042,81415.60697045956,41.91478021049354,-2506.8963889043807,-2558.352318095534
2025-03-08,86801.74,86897.25,85218.47,86222.45,12989.23054,90816.6605,88837.85016026648,100690.10778869921,80943.21321130078,40.5999713552422,-2567.7700721756555,-2560.2358689115586
2025-03-09,86222.46,86500.0,80000.0,80734.37,26115.39345,90064.379,87591.16090484086,100615.03734914896,79513.72065085104,30.233185140946674,-3023.9963474203832,-2652.9879646133236
2025-03-10,80734.48,84123.46,77459.91,78595.86,47633.38405,89210.58499999999,86207.26845794226,100582.36916666295,77838.80083333704,27.119730496622296,-3517.5704793366604,-2825.9044675579908
2025-03-11,78595.86,83617.4,76606.0,82932.99,48770.06853,88525.01599999999,85703.53331056653,99660.59151146794,77389.44048853204,41.27244172583859,-3518.2057054324687,-2964.3647151328864
2025-03-12,82932.99,84539.85,80607.65,83680.12,31933.986,87793.772,85392.23895509477,98116.31272992911,77471.23127007089,43.454998441886204,-3419.0097634228296,-3055.2937247908753
2025-03-13,83680.12,84336.33,79939.9,81115.78,27546.27412,87040.462,84734.32219277251,96977.310472161,77103.613527839,37.87981925757615,-3506.891805854888,-3145.613341003678
2025-03-14,81115.78,85309.71,80818.84,83983.2,26858.52755,86412.07149999999,84618.76493234598,95356.55976073243,77467.58323926755,46.70230784804918,-3307.0406219386496,-3177.8987971906727
2025-03-15,83983.19,84676.28,83618.0,84338.44,11324.7332,85816.09349999999,84575.63801967737,93497.54385251613,78134.64314748385,47.76282221914851,-3084.4367528083967,-3159.2063883142177
2025-03-16,84338.44,85117.04,81981.12,82574.53,17596.12531,85367.176,84267.77524741931,92677.42408929055,78056.92791070946,42.87500653132032,-3015.5925048823265,-3130.4836116278398
2025-03-17,82574.52,84756.83,82456.0,84010.03,17214.74358,85133.6575,84228.12213243172,92295.1404109389,77972.1745890611,47.88315966403562,-2812.776156736465,-3066.942120649565
2025-03-18,84010.02,84021.74,81134.66,82715.03,17610.89883,85056.9045,83995.33872744221,92290.79731593328,77823.01168406673,43.87890495185958,-2725.1248736394336,-2998.5786712475388
2025-03-19,82715.03,87000.0,82547.16,86845.94,28151.05374,85163.77249999999,84433.89276937419,92439.03162316143,77888.51337683856,57.08726644565,-2295.8653797754814,-2858.0360129531277
2025-03-20,86845.93,87453.67,83655.23,84223.39,22090.30463,85157.445,84401.50772793201,92435.90381433061,77878.9861856694,48.692463472685375,-2142.5935212806507,-2714.9475146186323
2025-03-21,84223.38,84850.33,83175.25,84088.79,11956.97443,85058.658,84353.39730825016,92338.91053705967,77778.40546294033,48.27208880088761,-2008.8290336134232,-2573.723818417591
2025-03-22,84088.79,84539.17,83625.1,83840.59,5420.22114,84537.1875,84274.50387621167,90394.36670846284,78680.00829153716,47.40138498195983,-1900.9345884768263,-2439.1659724294377
2025-03-23,83840.59,86129.64,83809.75,86082.5,8461.97813,84530.28199999999,84552.65712602527,90379.4246276044,78681.13937239558,55.72476197841663,-1615.8970079455612,-2274.5121795326627
2025-03-24,86082.5,88765.43,85519.09,87498.16,30115.62111,84541.09099999999,85005.81141432907,90412.40128630504,78669.78071369493,60.30180232439816,-1261.232043051321,-2071.8561522363943
2025-03-25,87498.16,88539.63,86310.0,87392.87,22643.25248,84380.434,85373.05119673998,89703.20610772417,79057.66189227582,59.77153566528648,-977.3868193529779,-1852.9622856597111
2025-03-26,87392.88,88275.0,85860.0,86909.17,18408.78485,84229.298,85609.37716647229,89034.89865918663,79423.69734081336,57.10952702622239,-782.4484039841482,-1638.8595093245985
2025-03-27,86909.17,87756.39,85800.0,87232.01,17098.03897,84250.811,85859.01298701501,89108.47023558903,79393.15176441097,58.53182036407264,-595.0484671113227,-1430.0973008819435
2025-03-28,87232.01,87515.67,83585.0,84424.38,27182.73169,84160.9075,85638.30021978194,88930.6844118843,79391.1305881157,43.91780880778541,-665.4144599646534,-1277.1607326984854
2025-03-29,84424.38,84624.73,81644.81,82648.54,11696.39864,84256.616,85178.33710904626,88808.74817538055,79704.48382461944,37.148681446439575,-854.6238907191,-1192.6533643026085
2025-03-30,82648.53,83534.64,81565.0,82389.99,9864.49508,84446.32250000001,84749.36063073146,88261.7875095199,80630.85749048012,36.21107190687436,-1013.7506653475721,-1156.8728245116013
2025-03-31,82390.0,83943.08,81278.52,82550.01,20569.13885,84427.17349999999,84410.99899523432,88278.29541562311,80576.05158437687,37.340460618335584,-1114.104797431457,-1148.3192190955724
2025-04-01,82550.0,85579.46,82432.74,85158.34,20190.39697,84501.0845,84525.97453442904,88348.57647442902,80653.59252557097,52.9933256892458,-971.9615698911075,-1113.0476892546794
2025-04-02,85158.35,88500.0,82320.0,82516.29,39931.457,84571.11,84216.79229836304,88204.18105352047,80938.03894647953,41.01756900944618,-1060.2811315630242,-1102.4943777163485
2025-04-03,82516.28,83998.02,81211.24,83213.09,27337.84135,84532.6045,84062.37656015334,88207.98924209035,80857.21975790965,44.81277507132285,-1061.8092082967196,-1094.3573438324229
2025-04-04,83213.09,84720.0,81659.0,83889.87,32915.53976,84510.176,84035.8370893605,88196.0094426641,80824.34255733591,48.52469741446905,-996.9178814265906,-1074.8694513512564
2025-04-05,83889.87,84266.0,82379.95,83537.99,9360.40468,84558.349,83959.24522945889,88161.9292727796,80954.7687272204,46.642616859215636,-962.7864101587911,-1052.4528431127635
2025-04-06,83537.99,83817.63,77153.83,78430.0,27942.71436,84279.3475,83108.59211723444,88807.19530328733,79751.49969671268,28.274268390641907,-1332.5482898189803,-1108.471932454007
2025-04-07,78430.0,81243.58,74508.0,79163.24,78387.53089,84101.758,82501.61486842914,89138.01357055576,79065.50242944424,32.666283303496726,-1548.5699529166159,-1196.4915365465288
2025-04-08,79163.24,80867.99,76239.9,76322.42,35317.32063,83575.58200000001,81550.96950405544,89521.45583735687,77629.70816264315,25.646008964556074,-1926.7882934869413,-1342.5508879346112
2025-04-09,76322.42,83588.0,74620.0,82615.22,75488.28772,83495.1735,81714.70034958537,89447.65292952955,77542.69407047046,52.00773042746085,-1699.1657592501724,-1413.8738621977234
2025-04-10,82615.22,82753.21,78464.36,79607.3,33284.80718,83271.099,81390.48491118761,89462.11194538334,77080.08605461667,43.5013880977112,-1741.4133377341932,-1479.3817573050173
2025-04-11,79607.3,84300.0,78969.58,83423.84,34435.43797,83250.2615,81703.3087710049,89436.00694566047,77064.51605433952,54.416619112166615,-1450.2147928115883,-1473.5483644063315
2025-04-12,83423.83,85905.0,82792.95,85276.9,18470.74437,83209.9815,82253.09203700416,89328.19608362726,77091.76691637273,58.86844205474378,-1057.718670233342,-1390.3824255717336
2025-04-13,85276.91,86100.0,83034.23,83760.0,24680.04181,83023.0735,82484.92403131121,88809.08138703449,77237.06561296551,53.896696718964186,-859.1599568716483,-1284.1379318317165
2025-04-14,83760.0,85799.99,83678.0,84591.58,28659.09348,82883.00899999999,82809.02494957102,88350.47631384537,77415.54168615461,56.234731261871595,-627.4661505982949,-1152.8035755850324
2025-04-15,84591.58,86496.42,83600.0,83643.99,20910.99528,82719.75,82937.48111117547,87866.61913714319,77572.88086285681,52.71949544322127,-514.3802778701938,-1025.1189160420647
2025-04-16,83643.99,85500.0,83111.64,84030.38,20867.24519,82559.6685,83105.61940176386,87298.61093258916,77820.72606741084,54.07031283668993,-389.095217722861,-897.914176378224
2025-04-17,84030.38,85470.01,83736.26,84947.91,13728.84772,82585.845,83389.04872456942,87373.68766006193,77798.00233993807,57.404717795851916,-213.30999717755185,-760.9933405380896
2025-04-18,84947.92,85132.08,84303.96,84474.69,6529.96315,82677.1525,83556.07045925104,87539.10772577928,77815.19727422071,55.02736152343809,-110.90539421836729,-630.9757512741452
2025-04-19,84474.7,85677.99,84364.45,85077.01,9666.58153,82811.50349999999,83790.0611578278,87787.21801262442,77835.78898737556,57.605847318912005,18.638330541318282,-501.05293491105255
2025-04-20,85077.0,85320.76,83949.52,85179.24,8091.67725,82942.965,84003.78097970044,88027.33517972294,77858.59482027705,58.07657754788816,128.07539887962048,-375.227268152918
2025-04-21,85179.24,88465.99,85144.76,87516.23,31773.37262,83060.85949999999,84544.15775205422,88461.05988026192,77660.65911973806,67.57366426918966,398.7836957386462,-220.42507537460511
2025-04-22,87516.22,93888.0,87076.03,93442.99,43872.74705,83607.1945,85913.2088671228,90716.01361627135,76498.37538372865,80.50002233845305,1079.122518682445,39.484443436804895
2025-04-23,93442.99,94696.05,91935.41,93691.08,27404.16808,84131.094,87109.80442602698,92542.64912914469,75719.53887085531,80.86838014204267,1619.6444737673883,355.5164495029216
2025-04-24,93691.07,94005.0,91660.01,93980.47,19497.06071,84635.624,88166.82989894591,94127.37933301611,75143.86866698388,81.34273772236233,2047.7580912981502,693.9647778619674
2025-04-25,93980.47,95758.04,92855.96,94638.68,27500.66648,85190.65849999999,89162.49914526193,95660.05052679699,74721.266473203,82.48260056857191,2412.3452492917713,1037.6408721479283
2025-04-26,94638.68,95199.0,93870.69,94628.0,9415.06875,86000.5585,90003.34543060625,96769.6854815261,75231.4315184739,82.38836274725112,2669.6473787820287,1364.0421734747483
2025-04-27,94628.0,95369.0,93602.58,93749.3,11162.841,86729.8615,90579.64613358991,97524.92244648754,75934.80055351245,74.32669334049444,2770.718307826741,1645.3774003451467
2025-04-28,93749.29,95630.0,92800.01,95011.18,22157.53351,87664.29950000001,91261.42057457607,97886.41462758844,77442.18437241158,77.90855333423865,2918.9925877583155,1900.1004378277808
2025-04-29,95011.18,95461.53,93742.54,94256.82,16955.3402,88246.3795,91722.25125541052,98583.10054383245,77909.65845616754,71.06917578773897,2941.7201565051946,2108.4243815632635
2025-04-30,94256.82,95228.45,92910.0,94172.0,17661.2751,88974.6145,92099.13567765505,98787.60072507025,79161.62827492974,70.26885911668701,2919.2365120019676,2270.586807651004
2025-05-01,94172.0,97424.02,94130.43,96489.91,21380.45343,89627.918,92774.63941955428,99622.99340051033,79632.84259948968,78.0595016860906,3053.2579698754853,2427.1210400959008
2025-05-02,96489.9,97895.68,96350.0,96887.14,14905.74811,90208.43000000001,93407.33181654592,100484.17908023782,79932.68091976219,79.14034373079616,3155.1534372137103,2572.727519519463
2025-05-03,96887.13,96935.67,95753.01,95856.42,9723.34838,90813.251,93784.1146140004,100913.36787003167,80713.13412996834,68.96822620160133,3116.8072257298336,2681.543460761537
2025-05-04,95856.42,96304.48,94151.38,94277.62,11036.38342,91297.553,93860.0385195388,101064.9575223063,81530.1484776937,56.201113820499465,2925.3005674364103,2730.294882096512
2025-05-05,94277.61,95199.0,93514.1,94733.68,17251.18189,91852.0375,93994.44490114822,101031.43420860905,82672.64079139096,58.74646420356732,2778.303834386752,2739.89667255456
2025-05-06,94733.68,96920.65,93377.0,96834.02,16122.64513,92492.21949999999,94431.30260866389,101145.62105092204,83838.81794907794,68.48026736907376,2799.02236166253,2751.7218103761543
2025-05-07,96834.02,97732.0,95784.61,97030.5,16644.83854,93096.349,94831.17913040791,101201.79080316836,84990.90719683164,69.2630809798938,2799.0307535548054,2761.1835990118843
2025-05-08,97030.5,104145.76,96876.29,103261.6,34962.02847,94035.69450000001,96128.16695649899,102287.24379031571,85784.14520968431,83.8972871668432,3264.207348301672,2861.788348869842
2025-05-09,103261.61,104361.3,102315.14,102971.99,27617.39907,94930.44350000001,97181.0628093453,102969.90074618244,86890.98625381758,81.80845396768734,3568.360209162609,3003.1027209283957
2025-05-10,102971.99,104984.57,102818.76,104809.53,15324.78611,95911.95800000001,98354.6731463691,103728.93159615989,88094.98440384014,84.61310039136295,3912.5759239777108,3184.9973615382587
2025-05-11,104809.53,104972.0,103345.06,104118.0,17987.12197,96742.04650000001,99241.33881615846,104327.61521217237,89156.47778782765,79.30394506363628,4082.508054684964,3364.4995001675998
2025-05-12,104118.0,105819.45,100718.37,102791.32,31272.77792,97209.463,99787.4897675187,105085.60181706316,89333.32418293685,69.63227504008638,4063.289432821024,3504.257486698285
2025-05-13,102791.32,104976.25,101429.7,104103.72,21253.42409,97730.095,100451.52518790044,105994.03097724105,89466.15902275895,73.34305348763745,4106.619692809996,3624.7299279206272
2025-05-14,104103.72,104356.95,102602.05,103507.82,16452.9081,98206.4625,100921.7243897619,106656.61264945492,89756.31235054506,68.93022035347715,4046.232635048538,3709.03046934621
2025-05-15,103507.83,104192.7,101383.07,103763.71,17998.98604,98662.71399999999,101358.95294518316,107285.38360173783,90040.04439826215,69.82964900255745,3973.222801930053,3761.8689358629786
2025-05-16,103763.71,104550.33,103100.49,103463.9,15683.88024,99104.50899999999,101682.79095361652,107762.1294466632,90446.88855333679,67.19976260168463,3846.826006159943,3778.8603499223714
2025-05-17,103463.9,103709.86,102612.5,103126.65,11250.89622,99573.3765,101904.9231145986,108023.05392992977,91123.69907007023,64.0679779017812,3677.0555706573214,3758.4993940693616
2025-05-18,103126.65,106660.0,103105.09,106454.26,21599.98726,100145.5305,102604.82109696804,108840.61922898637,91450.44177101362,76.5239486414387,3767.5911488742568,3760.317745030341
2025-05-19,106454.27,107108.62,102000.0,105573.74,30260.03524,100711.3765,103061.57785128064,109264.69670645539,92158.0562935446,69.19982559248196,3725.3471586012165,3753.323627744516
2025-05-20,105573.73,107320.0,104184.72,106849.99,23705.48275,101345.276,103644.41048954516,109735.61091965447,92954.94108034552,73.44966654637066,3751.6050333604944,3752.9799088677123
2025-05-21,106850.0,110797.38,106100.01,109643.99,45531.040345,102002.98,104567.42272192283,110841.07641723218,93164.88358276781,80.31185750146055,3952.3072995296243,3792.845387000095
2025-05-22,109643.99,111980.0,109177.37,111696.21,31630.77313,102743.43350000001,105664.1592262424,112234.1848489429,93252.68215105713,83.84956862155869,4228.221983285723,3879.920706257221
2025-05-23,111696.22,111800.0,106800.0,107318.3,31737.72309,103316.5275,105918.6424222051,112433.1165370231,94199.93846297689,58.13635975582908,4046.9746046526125,3913.3314859362995
2025-05-24,107318.3,109506.03,106875.41,107761.91,16782.53129,103990.742,106202.22204955817,112246.53680530778,95734.94719469221,59.58538610938421,3894.239996268836,3909.513188002807
2025-05-25,107761.9,109299.99,106600.64,109004.19,17710.04695,104704.2675,106633.29404193384,112002.57723313611,97405.9577668639,63.65076175375518,3829.2965851844638,3893.4698674391384
2025-05-26,109004.2,110422.22,108670.58,109434.79,14649.11593,105334.30600000001,107064.29342009786,111911.91347970121,98756.69852029881,65.05658285745017,3769.126145329923,3868.601123017296
2025-05-27,109434.78,110718.0,107516.57,108938.17,21276.65635,105929.68950000001,107352.5821246982,111406.0190842776,100453.35991572241,61.8721782942741,3639.4146480612108,3822.763828026079
2025-05-28,108938.17,109284.7,106769.43,107781.78,15633.78829,106155.69849999998,107418.61256705232,111540.73270167645,100770.66429832352,54.68097936668221,3404.066384981037,3739.024339417071
2025-05-29,107781.78,108891.91,105322.86,105589.75,19834.70116,106286.5865,107137.24909519812,111469.2495616157,101103.92343838431,43.597877678817795,3006.021148835818,3592.423701300821
2025-05-30,105589.75,106313.12,103621.0,103985.48,23706.49799,106245.384,106652.36154209072,111490.21956008635,101000.54843991366,37.22621482014446,2531.9297399034112,3380.3249090213394
2025-05-31,103985.47,104900.0,103068.55,104591.88,11289.35922,106269.07800000001,106335.36438176906,111477.6036006603,101060.55239933972,40.98770214282759,2180.0104908548965,3140.2620253880514
2025-06-01,104591.88,105866.91,103752.49,105642.93,9709.70006,106411.65849999999,106228.83601534305,111369.420867975,101453.89613202498,47.302810800273825,1963.291301533638,2904.867880617169
2025-06-02,105642.93,105935.63,103659.88,105857.99,13453.98813,106499.372,106171.78278221335,111346.03731238224,101652.70668761777,48.601405764403104,1788.2791583157523,2681.5501361568854
2025-06-03,105858.0,106794.67,104872.5,105376.89,13259.52634,106592.8255,106049.49158494976,111265.57276871413,101920.07823128588,45.69485955280669,1592.4037850445748,2463.7208659344237
2025-06-04,105376.9,106000.0,104179.0,104696.86,14034.89482,106639.48300000001,105841.39441803443,111210.82267800948,102068.14332199053,41.6340068858215,1366.5457144185057,2244.2858356312404
2025-06-05,104696.86,105909.71,100372.26,101508.68,22321.50154,106541.722,105174.82296910606,111468.79251680136,101614.65148319863,28.116978990993445,919.6904657579726,1979.366761656587
2025-06-06,101508.69,105333.0,101095.8,104288.44,15839.07385,106599.8115,105038.45635847436,111382.63578398289,101816.9872160171,45.81499221855296,780.8566331520706,1739.6647359556837
2025-06-07,104288.43,105900.0,103871.09,105552.15,8344.93206,106554.706,105117.4861494783,111360.27092941133,101749.14107058868,52.01246545532898,763.9938112169184,1544.5305510079306
2025-06-08,105552.15,106488.14,104964.14,105734.0,8048.06305,106562.719,105212.33443417394,111361.92699964115,101763.51100035885,52.90681516823653,756.5822691171197,1386.9408946297685
2025-06-09,105734.01,110530.17,105318.37,110263.02,19975.37451,106733.3705,105989.36298276257,111810.27697493255,101656.46402506746,69.33182668995515,1103.4428299321735,1330.2412816902495
2025-06-10,110263.02,110400.0,108331.03,110274.39,17071.82839,106764.89050000001,106648.59790849141,111925.02911410836,101604.75188589166,69.36277957358752,1363.5318410558684,1336.8993935633732
2025-06-11,110274.39,110392.01,108064.0,108645.12,13115.91638,106612.33599999998,106955.75515333889,111319.11249010428,101905.55950989568,59.44314863448206,1421.7962020096747,1353.8787552526337
2025-06-12,108645.13,108813.55,105671.72,105671.73,17778.67218,106530.00749999999,106758.21282205598,111242.38947108622,101817.62552891376,45.685258544292665,1214.0486078622635,1325.9127257745597
2025-06-13,105671.74,106179.53,102664.31,106066.59,26180.81734,106445.2415,106651.80931097045,111125.19988401243,101765.28311598758,47.54551089940932,1068.9468904207024,1274.5195587037883
2025-06-14,106066.59,106252.0,104300.0,105414.64,8798.93969,106265.764,106461.47557082115,110805.7437896013,101725.78421039869,44.63324097433285,891.0740703121119,1197.8304610254531
2025-06-15,105414.63,106128.57,104494.53,105594.01,7164.20047,106073.725,106328.01932915635,110367.5437254867,101779.90627451331,45.689306535183555,755.8690509072476,1109.438179001812
2025-06-16,105594.02,108952.38,104980.37,106794.53,14922.6654,105966.54299999999,106399.79020159383,110061.72454580892,101871.36145419106,52.662260409266224,737.0932772891101,1034.9691986592716
2025-06-17,106794.53,107771.34,103371.02,104551.17,17866.33025,105805.0125,106115.38709365632,109853.30739270007,101756.71760729993,41.2446226973847,535.0254970778769,934.9804583429927
2025-06-18,104551.17,105550.27,103500.0,104886.78,13968.64167,105769.86399999999,105926.3706177092,109838.18550687924,101701.54249312074,43.364211144763686,397.385435692122,827.4614538128186
2025-06-19,104886.79,105226.17,103929.27,104658.59,7678.60737,105803.51950000001,105731.32744575394,109820.50027864098,101786.53872135904,42.17070567134518,266.8159809233184,715.3323592349186
2025-06-20,104658.59,106524.65,102345.0,103297.99,16419.06283,105738.825,105356.96783871487,109877.79358412226,101599.85641587773,35.456812580864124,52.939445353185874,582.853776458572
2025-06-21,103297.98,103982.64,100837.9,102120.01,11154.21332,105562.679,104858.97432506643,110007.3947828393,101117.96321716071,30.59141363825006,-209.2008539721719,424.4428503724233
2025-06-22,102120.02,103399.62,98200.0,100963.87,28746.41072,105317.973,104259.72750582545,110210.56315368277,100425.38284631722,26.476999950027874,-504.42506735844654,238.66926682624938
2025-06-23,100963.87,106074.2,99613.33,105333.93,27666.50609,105315.825,104424.98942800614,110208.34396355347,100423.30603644652,53.659681750092275,-381.3688804974663,114.66163736150625
2025-06-24,105333.94,106290.0,104622.02,106083.0,14651.69335,105385.13200000001,104680.06797754366,110280.00352018668,100490.26047981334,56.817314649636224,-220.8563821819116,47.558033452822684
2025-06-25,106083.0,108135.3,105808.03,107340.58,16701.15551,105676.727,105089.37751946002,110285.7624759409,101067.6915240591,61.85264718624183,7.737927121517714,39.59401218656169
2025-06-26,107340.59,108272.45,106562.5,106947.06,10573.27279,105809.65800000001,105375.17482415847,110403.43480206345,101215.88119793657,59.35376446298384,155.35594236355973,62.7463982219613
2025-06-27,106947.06,107735.34,106356.76,107047.59,12232.44042,105884.43000000001,105632.46946659563,110509.13661228119,101259.72338771883,59.83211180195795,277.26013160035654,105.64914489764035
2025-06-28,107047.58,107577.75,106811.51,107296.79,3282.17352,105962.56949999998,105888.51877942708,110629.19443596165,101295.94456403832,61.14016162095798,389.4886544314504,162.4170468044024
2025-06-29,107296.79,108528.5,107172.52,108356.93,6831.7364,105867.26499999998,106268.27435182291,110232.19758253999,101502.33241745998,66.495761540655,557.547939789918,241.44322540150552
2025-06-30,108356.93,108789.99,106733.33,107146.5,9754.12491,105710.8705,106403.385990004,109610.25047136286,101811.49052863715,56.27771340106478,586.3059788623359,310.41577609367164
2025-07-01,107146.51,107540.0,105250.85,105681.14,10505.62437,105562.67149999998,106292.27122231107,109209.62652887208,101915.71647112789,46.332534531126036,485.26084162434563,345.38478919980645
